solidity,eccentricity,orientation,equivalent_diameter,color,contrast,mean_intensity,median_intensity,std_intensity,correlation,energy,centroid,convex_area,bbox_area,extent,circulatie,cells_in_image,area,perimeter,aspect_ratio,label,image_index
0.9708029197080292,0.8034316879266254,-0.019672226019072196,22.539356209735228,[211.30882353 110.49579832 136.04831933],5703.083333333333,152.61764705882354,157.0,81.40931798957718,-0.09441077109592205,0.05431037973480554,"(83.13032581453633, 46.88471177944862)",411.0,476.0,0.8382352941176471,1.135541482611509,7,399.0,75.4558441227157,1.6795517803315259,EarlyPreB,0
0.9517684887459807,0.5150577516914668,0.2998879972314884,19.413369239820483,[177.05980861  75.66267943  96.6291866 ],5709.5876623376635,116.4505582137161,122.0,91.73587543047819,0.19206712522369648,0.10184666974907872,"(168.32094594594594, 67.51689189189189)",311.0,418.0,0.7081339712918661,1.07910787990524,7,296.0,63.35533905932737,1.1666494893522326,EarlyPreB,0
0.9536423841059603,0.5729566276597317,0.0012645862060900797,27.081100010292303,[192.92266667 110.808      127.87466667],6955.081666666667,143.86844444444444,160.0,89.3383059798988,0.1637027996542908,0.06951218917890908,"(169.23263888888889, 159.63020833333334)",604.0,750.0,0.768,1.1802113649418224,7,576.0,92.42640687119285,1.2201286729609713,EarlyPreB,0
0.9691943127962085,0.716311073450171,0.06192028900113503,22.820056393372074,[201.07992203 103.49122807 123.35672515],6358.798941798943,142.64262508122158,147.0,86.19389510181709,0.019733770419181628,0.0566471246173647,"(171.30317848410758, 180.51833740831296)",422.0,513.0,0.797270955165692,1.0806699634586932,7,409.0,74.5269119345812,1.433114221536302,EarlyPreB,0
0.9677966101694915,0.6718619683630859,-0.7926925520413829,26.963304323539017,[175.1637931   95.78817734 113.79187192],6863.535232383807,128.247947454844,145.0,92.00409660985535,0.29197078416331945,0.1287785383597746,"(197.57443082311732, 58.46584938704028)",590.0,812.0,0.7032019704433498,1.1162862879440898,7,571.0,89.49747468305833,1.3501173130787898,EarlyPreB,0
0.9384615384615385,0.7001962994855045,-0.15454799090073443,23.31680264534386,[202.66995074 123.06896552 136.60098522],6947.006465517243,154.11330049261085,166.0,86.1956619780908,0.19525615038637573,0.06767378650046371,"(138.4145199063232, 117.42857142857143)",455.0,609.0,0.7011494252873564,1.2587350920974398,4,427.0,82.18376618407356,1.4006575679036493,EarlyPreB,1
0.9348230912476723,0.4577474574422643,-0.3107618106670787,25.281737508665255,[196.03714286 116.07857143 124.50714286],6530.417857142857,145.54095238095238,158.0,88.74495150790602,0.26434552633987907,0.080218133732915,"(170.25697211155378, 110.40637450199203)",537.0,700.0,0.7171428571428572,1.193496460450298,4,502.0,86.76955262170046,1.1247553177988316,EarlyPreB,1
0.8842105263157894,0.5409928724013016,-0.06055590119547104,23.12489154112443,[161.43851852  85.97333333  99.03259259],8509.857407407408,115.48148148148148,138.0,95.1808507443724,0.1773132795584575,0.1175597796155843,"(195.41666666666666, 115.21428571428571)",475.0,675.0,0.6222222222222222,1.471221101074625,4,420.0,88.11879502661797,1.1890222190852129,EarlyPreB,1
0.9559164733178654,0.7316648680785376,-1.447552793918783,32.390575556198044,[199.35096154 146.03076923 156.82692308],6309.114285714285,167.4028846153846,195.0,89.59591725695368,0.40675249710087746,0.09476070829586858,"(10.905339805825243, 126.4878640776699)",862.0,1040.0,0.7923076923076923,1.295939341287827,8,824.0,115.84062043356595,1.4669972800931077,PreB,2
0.9624252775405636,0.789550326923814,0.3533582965292369,37.88061465864207,[221.98377404 138.14723558 149.36959135],2718.7521367521367,169.83353365384616,163.0,61.790019774744295,0.21693165849952786,0.0377224007887902,"(19.000887311446316, 210.2413487133984)",1171.0,1664.0,0.6772836538461539,1.4686320007988882,8,1127.0,144.2193000900063,1.6294983088540207,PreB,2
0.9487577639751553,0.2653859767612726,1.0617666712352882,27.891743614073043,[205.88888889 123.89444444 137.49      ],5691.405333333333,155.7577777777778,166.0,85.65344815153044,0.28196469066013824,0.07660577291852387,"(63.729950900163665, 167.6415711947627)",644.0,900.0,0.6788888888888889,1.1792503866081188,8,611.0,95.15432893255071,1.0371913452100827,PreB,2
0.9402810304449649,0.7255144012609385,0.2791254085543449,31.975167777860612,[186.26648352 130.22344322 140.75915751],6992.646599777035,152.4163614163614,185.0,95.95420802421518,0.47992059773088946,0.14862783268002513,"(129.90286425902863, 11.41469489414695)",854.0,1092.0,0.7353479853479854,1.2827047155201454,8,803.0,113.76955262170048,1.4530512221867866,PreB,2
0.9313077939233818,0.7768513140475993,0.2712817137192962,29.96053869739811,[181.3097166  133.78744939 142.85020243],10453.759398496242,152.64912280701753,193.5,99.86778892997604,0.27746051939544003,0.11780448419149854,"(179.28936170212765, 150.04113475177306)",757.0,988.0,0.7135627530364372,1.3687493311360452,8,705.0,110.11879502661796,1.5880979648982136,PreB,2
0.9375520399666945,0.7014751340384766,-0.18789531972540896,37.86380497746883,[177.31677019 125.20869565 133.48012422],8846.723188405796,145.3351966873706,182.0,99.23273385968832,0.36799109600919344,0.13898505387482538,"(202.21847246891653, 84.29396092362344)",1201.0,1610.0,0.6993788819875777,1.3161749999150623,8,1126.0,136.46803743153546,1.4031268675265813,PreB,2
0.969309462915601,0.5631448394583437,-1.2641135086337902,21.967197988242077,[200.81140351  90.92982456 101.23464912],3981.858725761773,130.9919590643275,120.0,80.59736271655433,0.05845936947101018,0.05522826049134872,"(8.121372031662268, 184.34564643799473)",391.0,456.0,0.831140350877193,1.1736258407538147,21,379.0,74.76345596729058,1.2101289597541935,PreB,3
0.9501466275659824,0.7895331653293552,0.04371696707091608,20.310825007719227,[181.14379085  75.18300654  89.65795207],7084.4876543209875,115.3282498184459,112.0,91.74730709692093,-0.05039214521583333,0.06733772910268959,"(17.626543209876544, 44.77160493827161)",341.0,459.0,0.7058823529411765,1.20146288467412,21,324.0,69.94112549695429,1.6294396854443272,PreB,3
0.9638336347197106,0.745785529181298,-0.020034068970261838,26.05065598682386,[200.77232143  85.8735119   95.95982143],4521.005859375,127.53521825396825,117.0,87.8505887414209,0.14990034700957275,0.058902183007813365,"(24.18949343339587, 134.15196998123827)",553.0,672.0,0.7931547619047619,1.1393098034591682,21,533.0,87.35533905932738,1.501082013338205,PreB,3
0.9668411867364747,0.6900474450950502,0.04680098796197072,26.558891313141824,[191.8125      99.53668478 106.1548913 ],6259.68923611111,132.5013586956522,136.0,89.73637919916946,0.19046940730297382,0.07353409230745615,"(27.13898916967509, 108.14440433212997)",573.0,736.0,0.7527173913043478,1.1083352870646919,21,554.0,87.84062043356595,1.381665588622369,PreB,3
0.9532520325203252,0.6420863290917076,-0.23166792575793138,24.436639426909572,[204.54058442 107.87987013 118.4025974 ],7047.443277310924,143.607683982684,143.0,85.5828646158107,-0.08359699686802809,0.04697621801470146,"(52.18976545842217, 166.37100213219617)",492.0,616.0,0.7613636363636364,1.1740712461135536,21,469.0,83.18376618407356,1.3044062280541096,PreB,3
0.9565217391304348,0.7337003479852219,-0.18671342663259644,19.802974013476614,[183.09647059  70.88        88.11764706],6098.883333333333,114.03137254901961,108.0,90.13397759848365,-0.045035819691997984,0.06960204339273701,"(52.76948051948052, 12.12987012987013)",322.0,425.0,0.7247058823529412,1.123445814240735,21,308.0,65.94112549695427,1.4717284399857824,PreB,3
0.9608763693270735,0.588032879905098,-0.031559126428439825,27.96013377055607,[197.735  116.9525 120.1075],6383.759374999998,144.93166666666667,153.0,86.54653082141549,0.21476552264232135,0.07095195337339204,"(61.840390879478825, 195.27687296416937)",639.0,800.0,0.7675,1.1472194195812453,21,614.0,94.08326112068522,1.236343008226607,PreB,3
0.9580246913580247,0.6760953938333356,0.05476666256075037,22.22649192646566,[200.46558704 101.00404858 113.18016194],6647.184065934067,138.2165991902834,139.0,87.64445362247785,0.010200002798265292,0.056835606773563745,"(62.31185567010309, 111.06958762886597)",405.0,494.0,0.7854251012145749,1.0963369105562384,21,388.0,73.11269837220809,1.357194439620569,PreB,3
0.9532293986636972,0.6595238438026666,-0.34890150947140147,23.34408972623798,[200.23809524 107.98129252 115.21258503],6957.104910714286,141.1439909297052,144.0,87.39436586519471,0.10361749123885274,0.06538311837445004,"(77.27570093457943, 173.43457943925233)",449.0,588.0,0.7278911564625851,1.1435917225903567,21,428.0,78.42640687119285,1.330346893989598,PreB,3
0.9478908188585607,0.7403866299426792,-0.20125790097442153,22.05396803500069,[189.73294347  92.78362573 100.79727096],7206.539682539683,127.7712800519818,129.0,89.64598444989656,0.01891742637771927,0.06354715422996993,"(92.09424083769633, 197.17539267015707)",403.0,513.0,0.7446393762183235,1.1464220457165357,21,382.0,74.18376618407356,1.4876939725311529,PreB,3
0.9667673716012085,0.674002305183987,-0.06584961365562743,28.54598585844434,[208.28363636 118.67757576 127.23636364],5558.277272727273,151.3991919191919,154.0,84.18724584510038,0.18127826515342482,0.05421829495479664,"(128.45625, 35.8421875)",662.0,825.0,0.7757575757575758,1.1086567111628434,21,640.0,94.42640687119285,1.3536759390166204,PreB,3
0.9678362573099415,0.7082215726967935,0.07723997362641774,20.529059630371258,[208.66421569 102.58088235 115.03921569],5928.899305555557,142.09477124183007,137.0,84.81397852389809,-0.054275479533318426,0.052944273201308706,"(131.62235649546827, 120.17522658610272)",342.0,408.0,0.8112745098039216,1.075042262838491,21,331.0,66.8700576850888,1.4164501977394168,PreB,3
0.9668508287292817,0.8395241210207194,0.0026633253705857294,21.11004122822376,[209.41190476  93.22619048 107.79047619],5085.967857142858,136.8095238095238,125.0,82.0717083173151,-0.04456359035501813,0.056919205180390106,"(163.83428571428573, 216.87428571428572)",362.0,420.0,0.8333333333333334,1.238291598936251,21,350.0,73.79898987322332,1.84052777193991,PreB,3
0.9576719576719577,0.7020176300423108,0.07063785000050966,21.468877828012552,[196.64316239  92.52564103 103.08119658],6162.778106508876,130.75,128.0,88.77668632930909,0.06640248150830162,0.06840016580885734,"(169.07734806629836, 161.4585635359116)",378.0,468.0,0.7735042735042735,1.093430798033947,21,362.0,70.5269119345812,1.4041796923995369,PreB,3
0.9265658747300216,0.8581054737114555,-0.13593497385185477,23.371344948277684,[179.67810458  91.58006536  99.07352941],8727.110859728506,123.44389978213508,133.0,92.70937917946495,0.026886966938101768,0.08518031944351447,"(192.42890442890442, 141.84149184149183)",463.0,612.0,0.7009803921568627,1.3777923878572436,21,429.0,86.18376618407356,1.9475203186994403,PreB,3
0.9544303797468354,0.7539065104343791,0.05677419789237368,21.909160375631842,[198.29835391  96.73662551 110.62757202],6877.182336182337,135.22085048010973,135.0,87.50452422614993,-0.08161739744423241,0.05658696315111454,"(205.92838196286473, 64.42705570291777)",395.0,486.0,0.7757201646090535,1.128325520678569,21,377.0,73.11269837220809,1.5221123777618388,PreB,3
0.9591439688715954,0.49738237242121663,-0.12107054687736102,25.05408341078227,[193.19875776  98.02795031 108.74068323],5244.523809523809,133.32246376811594,137.0,88.26882905505047,0.2966066741183738,0.09755571245190095,"(211.39148073022312, 85.65720081135903)",514.0,644.0,0.765527950310559,1.1532759157947865,21,493.0,84.52691193458118,1.152695994276168,PreB,3
0.9752650176678446,0.35867956289976943,0.31338396142387087,18.746042631630413,[215.03395062 100.55555556 114.2962963 ],4107.811965811965,143.29526748971193,132.0,81.12086609421124,0.019912391955648794,0.054727557584896135,"(215.3514492753623, 106.10507246376811)",283.0,324.0,0.8518518518518519,1.0925133764464439,21,276.0,61.55634918610404,1.071282322644564,PreB,3
0.8737864077669902,0.86567751580521,-0.3433143301367334,15.138795132120961,[162.03007519  97.56766917 109.01879699],12761.555555555555,122.87218045112782,149.0,90.47206302764802,-0.2700920377429475,0.0835254786964076,"(40.67777777777778, 193.9111111111111)",206.0,266.0,0.6766917293233082,1.562811972449594,7,180.0,59.45584412271572,1.9975945919249456,benign,4
0.96875,0.6614549459777866,0.07102988279397611,20.83685880248485,[198.26157407 105.19444444 114.43287037],7162.38141025641,139.2962962962963,142.0,86.46910451522726,-0.030827527386670113,0.05787009642714034,"(35.56891495601173, 112.12903225806451)",352.0,432.0,0.7893518518518519,1.0958675820049317,7,341.0,68.52691193458118,1.3333601733167904,benign,4
0.8388625592417062,0.906705212823517,0.05952080587330593,15.012108426804138,[157.51893939  92.62878788 104.01136364],11470.159722222223,118.0530303030303,142.0,88.8370839842082,-0.0837093497047425,0.11421447363471199,"(43.836158192090394, 206.07344632768363)",211.0,264.0,0.6704545454545454,1.6924723817685021,7,177.0,61.35533905932737,2.3709889714410775,benign,4
0.7515151515151515,0.8189915930930058,-0.7939727414887773,12.565098628628435,[137.21666667  89.          96.90416667],16812.303030303032,107.70694444444445,135.0,102.81525479441927,-0.03740196271037757,0.18232253280595545,"(126.73387096774194, 193.65322580645162)",165.0,240.0,0.5166666666666667,2.749573330190076,7,124.0,65.4558441227157,1.742750760886661,benign,4
0.7522123893805309,0.6950437261669485,-0.7124255521028228,10.403141895720198,[160.51048951 100.5034965  111.32867133],15655.000000000004,124.11421911421911,150.0,99.70896347312205,-0.04464581321028257,0.15701857325533194,"(139.41176470588235, 193.6705882352941)",113.0,143.0,0.5944055944055944,1.861584849535545,7,85.0,44.59188309203678,1.390883518074279,benign,4
0.9411764705882353,0.6471015808109244,-0.2666478752480837,6.383076486422923,[212.70833333  93.66666667 104.75      ],6937.125,137.04166666666666,120.0,78.26769191193914,-0.525819184089382,0.25,"(13.6875, 198.21875)",34.0,48.0,0.6666666666666666,1.043575860773519,14,32.0,20.48528137423857,1.3116409030327854,EarlyPreB,5
0.8066298342541437,0.7984128595950112,-0.4945534542951135,19.281751659604673,[177.76604555 113.0621118  130.76811594],9203.956521739132,140.5320910973085,170.0,98.87566959815975,0.30189204114916834,0.13801298447859206,"(8.863013698630137, 78.6541095890411)",362.0,483.0,0.6045548654244306,2.028946312338654,14,292.0,86.2842712474619,1.660825056043223,EarlyPreB,5
0.9698924731182795,0.6434637639120292,-0.08880974149010312,23.96311821686732,[199.62585034 107.72619048 120.69897959],6890.654017857143,142.68367346938774,148.0,88.12809390460262,0.08532049650970526,0.06996619651186375,"(15.605321507760532, 163.53436807095343)",465.0,588.0,0.7670068027210885,1.0785661049887507,14,451.0,78.18376618407356,1.306375707177349,EarlyPreB,5
0.9618441971383148,0.8044203542524272,-0.007308111796674318,27.754457742221764,[198.68211068 110.73616474 118.1029601 ],6238.648648648648,142.50707850707852,153.0,89.03246226194199,0.25434388874924263,0.07477405398274106,"(27.30909090909091, 44.42314049586777)",629.0,777.0,0.7786357786357786,1.1873901685021062,14,605.0,95.01219330881975,1.6833301950233257,EarlyPreB,5
0.9617834394904459,0.7802544119170548,-0.07499945925761119,24.016192740836935,[193.08922559 102.88215488 111.73063973],5529.128205128205,135.9006734006734,149.5,90.89051089903813,0.4245002699274898,0.12964858106046642,"(31.037527593818986, 26.163355408388522)",471.0,594.0,0.7626262626262627,1.2725669876007089,14,453.0,85.11269837220809,1.5988174603880008,EarlyPreB,5
0.9485458612975392,0.7702928021068718,-0.12854339134381132,23.23474912642073,[193.00877193 108.85614035 121.1754386 ],7481.6571428571415,141.01345029239766,152.0,90.58063736733838,0.13879723942794614,0.07797391854196577,"(53.92216981132076, 169.99764150943398)",447.0,570.0,0.743859649122807,1.1818887058693244,14,424.0,79.35533905932738,1.5681591851885945,EarlyPreB,5
0.9466192170818505,0.5013682317955227,-0.22369415481040983,18.403307281560924,[194.24722222  86.825       92.02222222],6483.903846153847,124.36481481481482,114.0,90.89029948119064,0.0386173598734753,0.07044868878467002,"(80.796992481203, 194.59022556390977)",281.0,360.0,0.7388888888888889,1.1388263228607898,14,266.0,61.698484809834994,1.1557566920716722,EarlyPreB,5
0.9433962264150944,0.5345628725029045,0.42296812297852987,21.11004122822376,[179.4702381   93.79365079 103.49206349],8322.955729166666,125.58531746031746,138.0,93.82073343626273,0.09096548047675108,0.09423701626417827,"(103.61714285714285, 56.011428571428574)",371.0,504.0,0.6944444444444444,1.1199417390485058,14,350.0,70.18376618407356,1.183251721246469,EarlyPreB,5
0.9496221662468514,0.6447091643412055,-0.074268647564466,21.909160375631842,[186.55769231  97.55384615 106.14615385],7566.310256410256,130.08589743589744,138.0,91.99645509385476,0.10944407704028876,0.0819109376664784,"(103.28116710875332, 172.72413793103448)",397.0,520.0,0.725,1.1616265821318743,14,377.0,74.18376618407356,1.308167758266068,EarlyPreB,5
0.9496124031007752,0.772925187582194,-0.43272606054229595,24.977737626138797,[197.81346424 115.89340813 123.23001403],6624.940860215053,145.64562879850396,158.0,89.30046404288476,0.2562769073394996,0.08073471729936131,"(105.34285714285714, 194.55714285714285)",516.0,713.0,0.6872370266479664,1.2130730980153175,14,490.0,86.42640687119285,1.5760511672280642,EarlyPreB,5
0.9692513368983957,0.5753030538574577,-0.09318023703858665,30.38253889873249,[189.16734694  92.22040816 100.51632653],5705.590062111802,127.30136054421769,127.0,91.10015979017368,0.2484584454002317,0.09750168038721341,"(109.37931034482759, 19.813793103448276)",748.0,980.0,0.7397959183673469,1.1047862840116183,14,725.0,100.32590180780451,1.2225830586491004,EarlyPreB,5
0.9550949913644214,0.7080634689569655,-0.3024637401493165,26.534910368014152,[195.94375 114.3475  128.30125],6817.6375,146.1975,162.0,90.14755585751247,0.20607969937298062,0.06867005294795542,"(128.16998191681736, 204.9276672694394)",579.0,800.0,0.69125,1.198330914761557,14,553.0,91.25483399593904,1.4161321294020623,EarlyPreB,5
0.9511400651465798,0.8467855786916029,0.02707607339814075,19.281751659604673,[205.90934066  93.4010989  105.5521978 ],6862.850427350428,134.95421245421247,125.0,86.27531592485121,-0.1613047316623351,0.05717559042846006,"(193.91095890410958, 5.513698630136986)",307.0,364.0,0.8021978021978022,1.283519854094719,14,292.0,68.62741699796952,1.8799311328477768,EarlyPreB,5
0.9697732997481109,0.7440062268201502,0.03328864683957705,22.140398025397776,[209.11111111 106.37037037 126.33115468],4137.820987654321,147.2708787218591,148.0,81.34485954541853,0.30400292660709,0.07452281770154096,"(110.51168831168832, 215.74805194805194)",397.0,459.0,0.8387799564270153,1.1511349149414174,5,385.0,74.62741699796952,1.4966191005322496,EarlyPreB,6
0.9683426443202979,0.5204666267166063,0.12902353327677304,25.731003930322746,[209.34782609 116.29037267 132.44099379],5460.77380952381,152.6930641821946,158.0,84.19078018062537,0.1966082489095678,0.06208130098080165,"(121.55, 113.06346153846154)",537.0,644.0,0.8074534161490683,1.0996806281019262,5,520.0,84.76955262170046,1.1711219886391817,EarlyPreB,6
0.9259259259259259,0.36589974603695635,0.1852730027172285,23.936536824085962,[182.09076923  93.28461538 109.54923077],7687.453846153847,128.30820512820512,142.0,92.90093363975095,0.13094097284544112,0.08987170342729171,"(139.5377777777778, 93.31555555555556)",486.0,650.0,0.6923076923076923,1.2135685357581842,5,450.0,82.84062043356593,1.074512876595889,EarlyPreB,6
0.967741935483871,0.569527923814639,0.09425056198629932,22.283703068536735,[214.3173913   97.32826087 121.88043478],4136.200000000001,144.5086956521739,138.0,81.49555378488127,-0.03693764701469976,0.053131312405285104,"(212.64615384615385, 73.85641025641026)",403.0,460.0,0.8478260869565217,1.076283609045681,5,390.0,72.62741699796952,1.2165864753783333,EarlyPreB,6
0.8375,0.7193399325829026,0.40476142969207163,18.47236308621676,[152.35416667 104.55787037 122.54398148],13119.19230769231,126.48533950617283,170.5,102.19107965169252,0.14709252403566808,0.15815935630096575,"(52.46268656716418, 7.567164179104478)",320.0,432.0,0.6203703703703703,2.4168753321086647,6,268.0,90.2193000900063,1.4395568234068192,EarlyPreB,7
0.9628378378378378,0.751264583877628,-0.15251046301051435,32.99423905394037,[198.74651568 119.15853659 128.99912892],5744.208907741251,148.96806039488968,161.0,88.4099712796779,0.3510248324708091,0.08501769964396517,"(100.85964912280701, 172.86432748538013)",888.0,1148.0,0.7447735191637631,1.1916984321756539,6,855.0,113.1543289325507,1.5151488629226,EarlyPreB,7
0.9455645161290323,0.6603991684875777,-0.060987293233513866,24.436639426909572,[199.47335423 122.14733542 136.18495298],7263.760649087221,152.60188087774296,167.0,88.45098127446818,0.19353553510856514,0.07950956236316283,"(109.46268656716418, 193.79744136460553)",496.0,638.0,0.7351097178683386,1.2673898038966003,6,469.0,86.42640687119285,1.3317091198957471,EarlyPreB,7
0.9447619047619048,0.7199026368609204,0.06769273804493335,25.13019725725687,[198.58064516 118.75073314 131.228739  ],7927.643263757117,149.52003910068427,163.0,88.45556753730352,0.07006309567107388,0.06547177039501374,"(137.35887096774192, 200.30040322580646)",525.0,682.0,0.7272727272727273,1.1822087117489943,6,496.0,85.84062043356595,1.4407663564470485,EarlyPreB,7
0.8987341772151899,0.7625610468867591,-0.19130719007690047,23.28948359361322,[176.9        111.33870968 120.90806452],9538.838709677419,136.38225806451612,166.0,96.75257551103961,0.22772874134363646,0.11678429232159536,"(149.31455399061034, 163.14788732394365)",474.0,620.0,0.6870967741935484,1.9480132210877392,6,426.0,102.11879502661796,1.5457951191776116,EarlyPreB,7
0.9608695652173913,0.23503581923997724,1.0671107641065465,16.774562271083887,[211.22426471 117.68014706 165.93382353],6690.578125000001,164.94607843137254,193.0,84.2143305204848,-0.10512469281069578,0.07484431178749956,"(6.529411764705882, 154.710407239819)",230.0,272.0,0.8125,1.111386865904603,8,221.0,55.55634918610404,1.0288206516599236,ProB,8
0.9529702970297029,0.6288627870390807,0.07975377105103301,22.140398025397776,[190.39807692 116.75       155.16346154],8342.671794871798,154.10384615384615,178.5,95.8038031768876,0.19396778865742662,0.08175024906117878,"(17.394805194805194, 56.06233766233766)",404.0,520.0,0.7403846153846154,1.094532889959564,8,385.0,72.76955262170047,1.2861466716404835,ProB,8
0.9671532846715328,0.6643812025010907,-0.16863018603784272,18.36868202552426,[204.41964286 116.85714286 165.45833333],8001.0952380952385,162.24503968253967,196.5,88.9041556066161,-0.06598401525238466,0.06106812112409474,"(19.2188679245283, 133.21509433962265)",274.0,336.0,0.7886904761904762,1.0407182844343577,8,265.0,58.87005768508881,1.3379825838432902,ProB,8
0.968944099378882,0.6706631759560469,-0.03874954475022392,19.931149940667517,[206.42966752 124.17391304 171.91304348],8247.894927536232,167.50554134697356,204.0,89.06141837969614,-0.07607364039967464,0.058197023203655836,"(60.61538461538461, 70.11858974358974)",322.0,391.0,0.7979539641943734,1.0540106322711071,8,312.0,64.2842712474619,1.3481412688317627,ProB,8
0.9656160458452722,0.6474400036992257,0.09726070783466952,20.71428798138497,[201.84259259 126.87037037 168.84259259],8919.40064102564,165.85185185185185,203.0,90.9857519860768,-0.025501326166118995,0.05853199476842844,"(160.48367952522256, 191.70029673590506)",349.0,432.0,0.7800925925925926,1.045093061755022,8,337.0,66.5269119345812,1.3121354826227858,ProB,8
0.9452449567723343,0.7633693244600942,0.21284004846358978,20.435815879801165,[193.4479638  119.69457014 159.15837104],9384.769230769232,157.4336349924585,195.0,94.9577093289164,0.07192639457978528,0.07091232977512046,"(168.8262195121951, 132.92073170731706)",347.0,442.0,0.7420814479638009,1.2352908954004016,8,328.0,71.35533905932738,1.548077994984291,ProB,8
0.9355670103092784,0.7919816759094522,0.30769973973507414,21.498510523728477,[193.18016194 123.5708502  160.90080972],10792.554945054944,159.21727395411605,202.0,95.32996902578964,-0.08499834218680741,0.058407394575465094,"(168.96969696969697, 60.54545454545455)",388.0,494.0,0.7348178137651822,1.2255557590448343,8,363.0,74.76955262170047,1.6378812875450874,ProB,8
0.9781181619256017,0.49286678326722444,-0.6369695870913386,23.85661494212072,[231.82608696 125.40036232 139.82246377],2934.898148148148,165.68297101449275,153.0,69.95247938314553,0.07055481868181815,0.04962025719959726,"(9.997762863534676, 20.05145413870246)",457.0,552.0,0.8097826086956522,1.1307920397307283,24,447.0,79.69848480983501,1.1492868665575326,PreB,9
0.937625754527163,0.7345908212902926,-0.33242372203064674,24.35835848013133,[185.39811912 104.05799373 118.35266458],7748.649087221094,135.9362591431557,152.5,92.67034703873598,0.16240311566843246,0.09046289298571097,"(17.508583690987123, 127.51287553648069)",497.0,638.0,0.7304075235109718,1.2341463452947545,24,466.0,85.01219330881976,1.4738168211807294,PreB,9
0.9453333333333334,0.6609810708034901,-0.10383786370414963,30.045412914740087,[201.66460905 119.33024691 130.88065844],5953.872474747476,150.62517146776406,161.0,87.17072339940006,0.25780894491885764,0.07307432450838601,"(30.64174894217207, 34.267983074753175)",750.0,972.0,0.7294238683127572,1.300433457223992,24,709.0,107.63961030678928,1.3326180290149652,PreB,9
0.95,0.6217832358150822,0.4531220227201476,26.939683377854365,[197.07741935 115.77548387 124.28903226],6123.503225806453,145.71397849462366,159.0,89.3496280974959,0.3281316387015739,0.09903935038174203,"(48.650877192982456, 100.68947368421053)",600.0,775.0,0.7354838709677419,1.1882109320108265,24,570.0,92.25483399593904,1.2768303852422982,PreB,9
0.9682080924855492,0.7283235602496408,0.13559268129587027,20.65272978291924,[213.81674208 122.52488688 134.02488688],5333.746794871794,156.788838612368,157.0,81.52596711684845,0.163778799192112,0.062314814407767885,"(54.16119402985075, 181.5731343283582)",346.0,442.0,0.7579185520361991,1.0965054711167068,24,335.0,67.94112549695427,1.459356800528727,PreB,9
0.7068965517241379,0.9028478413379797,-0.27025682700994585,16.15593100600236,[109.4789916   76.36344538  82.7289916 ],18946.57738095238,89.52380952380952,0.0,105.30841788995184,0.004244874165181917,0.2739712255444061,"(68.21951219512195, 122.50243902439024)",290.0,476.0,0.43067226890756305,2.6086553696205517,24,205.0,81.97665940288701,2.3257966553730065,PreB,9
0.945226917057903,0.6089363241305339,0.4705237591605364,27.73151068766428,[209.58717949 131.37051282 139.15128205],6708.680952380953,160.0363247863248,170.0,84.11681415804834,0.12094831279351037,0.05675574342470199,"(75.89238410596026, 92.66556291390728)",639.0,780.0,0.7743589743589744,1.3397513874610874,24,604.0,100.84062043356593,1.2606857172542358,PreB,9
0.9487179487179487,0.581439489934413,-0.11524945012643842,24.747287144606645,[199.68365817 123.37031484 134.08095952],7108.379310344829,152.3783108445777,167.0,88.49707025446388,0.22727304001037524,0.08082384333229496,"(75.9002079002079, 172.9085239085239)",507.0,667.0,0.7211394302848576,1.1629312116289618,24,481.0,83.84062043356595,1.2291208464514383,PreB,9
0.6595744680851063,0.8948022754251357,-0.31002526030271155,6.282549314314218,[102.31168831  71.81818182  76.2987013 ],19506.318181818184,83.47619047619048,0.0,103.92595638944852,-0.2102248695773116,0.47237749297333015,"(90.2258064516129, 121.38709677419355)",47.0,77.0,0.4025974025974026,1.9685627495711673,24,31.0,27.69238815542512,2.239829076279428,PreB,9
0.9125248508946322,0.5919538733290445,0.7881942960875665,24.17471718621419,[212.3        130.23846154 139.59846154],6464.700000000001,160.7123076923077,164.0,81.19207869855596,0.13612990911001077,0.06269938610346579,"(100.01307189542484, 84.85838779956427)",503.0,650.0,0.7061538461538461,1.3074445698455868,24,459.0,86.84062043356595,1.2407381331883727,PreB,9
0.9213893967093236,0.3891745011692706,0.08014804064683466,25.332049473868512,[183.01856764 105.97214854 113.52254642],8674.998357963876,134.1710875331565,152.0,93.41168585584876,0.1695468026750857,0.10212355865659253,"(102.3015873015873, 163.78571428571428)",547.0,754.0,0.6684350132625995,1.3000446061514328,24,504.0,90.74011537017762,1.0855829638882815,PreB,9
0.9656357388316151,0.6067453330179569,-0.0966666578566072,18.91508160359296,[211.28529412 115.06176471 119.90294118],6231.104166666667,148.75,145.0,83.09251429203806,-0.06100175823948363,0.055746200667748554,"(108.86476868327402, 105.17437722419929)",291.0,340.0,0.8264705882352941,1.0611432885863297,24,281.0,61.21320343559643,1.25802575917729,PreB,9
0.8770161290322581,0.6061273556418791,-0.644606714625685,23.534213434057992,[186.35111111 125.01333333 135.97037037],8943.198148148149,149.1116049382716,178.0,95.47226545056779,0.2915603223777747,0.10892132295990568,"(115.65057471264367, 68.65517241379311)",496.0,675.0,0.6444444444444445,1.8198710293714422,24,435.0,99.7401153701776,1.2572802719115677,PreB,9
0.9190556492411467,0.8364653827532996,-0.32278483852702833,26.34227689249097,[190.01666667 119.05714286 125.49047619],10012.972932330827,144.85476190476192,167.0,92.56795625346447,0.07434531778319263,0.07105959308698141,"(120.16330275229357, 180.97798165137615)",593.0,840.0,0.6488095238095238,1.5692489646839216,24,545.0,103.66904755831214,1.8247517020756512,PreB,9
0.9264069264069265,0.42118224106443314,-0.5089501576493359,16.50676414605009,[177.7124183  115.36601307 128.29738562],11741.497737556563,140.458605664488,174.0,97.75086115894369,0.03292194765315127,0.08739008106709488,"(133.88785046728972, 68.46728971962617)",231.0,306.0,0.6993464052287581,1.2202453114471052,24,214.0,57.2842712474619,1.1025649702086522,PreB,9
0.8163265306122449,0.7769822001746032,-0.43299362817911413,23.66908109081279,[143.33461538  88.01282051  91.90512821],10385.301587301587,107.7508547008547,137.0,101.91708912064279,0.32858028971572933,0.2223355719986429,"(135.22727272727272, 112.525)",539.0,780.0,0.5641025641025641,2.099386170548353,24,440.0,107.7401153701776,1.5885054081047276,PreB,9
0.9421965317919075,0.6901656672977098,0.014039063824940294,24.952237121658943,[188.25606061 113.0530303  123.55606061],8126.260784313725,141.62171717171717,161.0,92.62529506533413,0.17679899008675004,0.08148468531443197,"(134.34151329243355, 39.89161554192229)",519.0,660.0,0.740909090909091,1.1981393839234598,24,489.0,85.8050865276332,1.3818808298686938,PreB,9
0.9438669438669439,0.7313666864699453,-0.17086410975279046,24.04268606686374,[180.84169279 106.62539185 115.70062696],9920.158215010142,134.38923719958203,157.0,94.4380924261499,0.013397316446565475,0.0703389082531428,"(138.08590308370043, 158.9691629955947)",481.0,638.0,0.7115987460815048,1.1670597624257422,24,454.0,81.59797974644667,1.4663091242394917,PreB,9
0.9285714285714286,0.45737839748579634,-0.3161287172751676,18.19456736586892,[213.40896359 109.03921569 118.5210084 ],5380.61507936508,146.98972922502335,139.0,83.04263519175284,0.10378186663124636,0.06050774080149567,"(140.98076923076923, 192.5653846153846)",280.0,357.0,0.7282913165266106,1.1559609534722055,24,260.0,61.45584412271571,1.1245151123891277,PreB,9
0.931323283082077,0.4988290051129217,0.5754925837119045,26.60678836073137,[201.58994709 125.02380952 135.1468254 ],7309.100649350649,153.92019400352734,167.0,87.75147424638438,0.08508185688403662,0.05924768698342422,"(161.47841726618705, 186.73021582733813)",597.0,756.0,0.7354497354497355,1.4494412517538782,24,556.0,100.63351365237939,1.1538012133980498,PreB,9
0.9366812227074236,0.617223174202831,1.16628349602098,23.371344948277684,[185.31103679 110.70234114 121.51337793],7723.105590062113,139.17558528428094,160.0,93.53893689238961,0.28956668981307276,0.12137874291594083,"(183.8997668997669, 183.5034965034965)",458.0,598.0,0.717391304347826,1.224704344761994,24,429.0,81.25483399593904,1.2709902050564257,PreB,9
